{
  "total_energy_wh": 3.712864301078847,
  "budget_used_percent": 12.37621433692949,
  "training_duration_hours": 0,
  "co2_emissions_kg": 0.0014851457204315389,
  "final_loss": 0.719844482421875
}